n.blg,LS1,LS2,LS3,LS4,LS5,LS6
1,0.106239679,0.211418065,0.473159628,0.724668936,0.940278828,0.940278828
,0.25,0.25,0.25,0.25,0.25,0.25