DS,mean,coefficient of variation
1,0.25278833671521389,0.60723666365424311
2,0.5304635229689707,0.6179172401479105
3,0.66673274531592519,0.61792942902201276
4,0.76173014515102599,0.62554003576782624
5,0.87476869120231737,0.63910855501315222
