DS,mu,sigma
1,0.74610451280818035,0.29930033113620275
2,1.6750467334936465,0.30110007350582102
3,1.9445719935192627,0.33974655260010794
