DS,mean,coefficient of variation
1,0.40800403195082141,0.90420822786673338
2,0.6463516194558504,0.80577409841853387
3,0.92331269787003345,0.75569937205286031
