DS,mean,coefficient of variation
1,0.12909857035005753,0.6065647521103833
2,0.26907753324870309,0.62053122816517714
3,0.56699136967741171,0.64677798349475346
4,0.7543186613531665,0.65540983159016231
5,0.81869195442442644,0.6574787993414174
6,0.81869195442442644,0.6574787993414174
