DS,mean,coefficient of variation
1,0.054891333669743664,0.60653065971263331
2,0.12740364103995483,0.60655183127479917
3,0.24702156264020644,0.61860420435690977
4,0.48515936532559251,0.63651948812185322
5,0.71611841077648286,0.64837941957572054
6,0.91525203669074184,0.65474635236805112
7,0.91525203669074184,0.65474635236805112
