DS,mean,coefficient of variation
1,0.35007813244427871,0.64884907195407648
2,0.58359033732382681,0.64150896095298571
3,0.90601846851797263,0.65162103729252618
