DS,mean,coefficient of variation
1,0.054898896977672612,0.60653065971263342
2,0.12788876182791231,0.60833443203844673
3,0.26258104708881891,0.63207204501700387
4,0.59929502879362562,0.65451141117015121
5,0.91150458499135756,0.65866838322989885
6,1.1698981591836652,0.65897443818925427
7,1.1698981591836652,0.65897443818925427
