DS,mu,sigma
1,49.875082029356037,40.386702859991694
2,122.77290363898268,146.7007938297709
