DS,mean,coefficient of variation
1,0.25820304153458024,0.61891837760899748
2,0.6007076654645146,0.65247196512651717
3,0.78870261736078151,0.66215776868652521
4,0.96232187402751346,0.6744168007074488
5,1.1924174793232563,0.69222770586657056
