blg,T,Gamma,,Storey,H
1,1.0037,1,0.1,1,7.5302
2,0.77964,1,0.2,1,7.9371
3,0.74098,1,0.3,1,7.2426
4,0.63234,1,0.3,1,6.0728
5,0.48996,1,0.2,1,6.571